YearsExperience,EducationLevel,HoursWorkedPerWeek,MonthlySalary
54.96714153011233,34.630887737658206,127.98710873172004,203.05426451771046
48.61735698828815,39.54708320235065,118.49267365825537,156.4901918356337
56.47688538100692,23.007162130904295,101.19260739840348,187.67067944122965
65.23029856408026,32.81484618345286,87.06126444588853,187.33041670717566
47.658466252766644,26.746787154390866,113.96446627227179,176.86812217380836
47.6586304305082,27.56437308117652,107.86970770843499,167.08116097447146
65.79212815507391,27.038030378805654,117.90386440055465,233.88921814090094
57.67434729152909,25.68004615160092,112.70343603363939,213.94792967192163
45.30525614065048,30.242608139724133,120.9910543063867,173.60246343878924
55.42560043585965,25.84524941794481,89.29529576878863,192.18361913981084
45.365823071875376,31.352284128899193,126.34788131268651,164.27664828775272
45.34270246429743,29.748809452754315,103.95199209384799,156.42909743745182
52.41962271566034,28.80525976566795,141.5052174525053,204.38606171217526
30.86719755342202,25.46218168979201,86.21624363820864,95.26531994558661
32.75082167486967,27.116143347158335,134.719276063305,158.48853776083666
44.37712470759027,33.77695612912878,103.95821566925295,147.4892097550387
39.87168879665576,32.504585938121906,86.97163992771104,139.5799406703812
53.142473325952736,25.112223776007244,90.32228331891356,180.25235235063877
40.91975924478789,30.49666152714613,93.5930538361136,126.39728757231687
35.87696298664709,33.75693561685895,108.48331892803833,150.10583605484797
64.65648768921554,21.652973594393142,110.45670976071,239.2872424930237
47.74223699513465,32.71680096189967,88.52599992122842,150.95972772020895
50.67528204687924,26.686881205270765,99.51290815478035,170.94859529851473
35.75251813786544,32.852993342965796,142.8454071722373,154.2123814151039
44.556172754748175,26.183704217287417,134.55086340201422,186.63347359685534
51.10922589709866,20.975589496677404,108.72647339348065,203.75831589990176
38.490064225776976,21.862287810584185,100.760069563364,171.4029681717646
53.75698018345672,30.24042473330691,102.40062653436523,192.55268510233998
43.99361310081195,31.29861250860741,112.27035945460833,154.80135952782132
47.083062502067236,25.478416874477958,79.5441486960319,137.24006537464635
43.98293387770603,33.19296229388687,94.8524692515331,141.98608736076056
68.52278184508938,21.6923996886552,66.62831852244821,179.541728187719
49.86502775262066,29.66960100676342,107.98446245210559,176.67498091812038
39.422890710440996,23.944919001187717,112.94391879405482,160.62987362562725
58.225449121031886,26.740819460989204,90.33627075401252,179.07242643272798
37.791563500289776,30.23699335658207,131.47973526580066,147.43705177542938
52.08863595004755,25.69793317358024,75.48468673995318,162.0375292943295
30.403298761202244,28.077222278850872,70.7125023958036,88.78349056067816
36.71813951101569,35.0314640460722,104.48903637119945,116.07967787158589
51.96861235869123,27.115540652384254,120.94196605224309,166.23870503663872
57.38466579995411,34.17846056032571,133.67855382915738,206.97598488703426
51.7136828118997,24.351465726711908,90.8223147426212,189.91416795672436
48.843517176117594,32.64902088957641,121.57361666862592,194.36940248629844
46.98896304410711,37.207843103289505,99.22983060998585,140.2341750074712
35.214780096325725,17.641777499363553,96.54745400118361,142.15233873940738
42.801557916052914,26.015523722647615,117.67319874973344,175.76957352487693
45.393612290402125,32.8853606359027,113.0464575682684,151.04833900093908
60.57122226218915,28.984773069785035,68.47215686031501,168.898324302338
53.43618289568462,31.855729366856544,129.53080699451792,205.48867345778277
32.36959844637266,26.980074066420897,127.60182708294903,164.47083940987125
53.24083969394795,30.4329489373645,87.48874596980941,161.0611217556427
46.149177195836835,29.221613823039604,107.91607066874818,162.86176420822449
43.23077999694041,35.838910308299035,109.88060372565478,138.67962892293647
56.11676288840868,31.272104216506065,105.21347531647814,175.42544387574247
60.30999522495951,31.68801331037601,88.9938969230916,176.5662824154891
59.31280119116199,27.940615169387662,86.56753264123897,184.57333011828405
41.607824767773614,27.561968879637533,99.48891858017109,158.08389092057297
46.907876241487855,27.837209060901895,123.45458038518728,175.24004713396133
53.31263431403564,31.972260711891483,110.87200309188864,195.44320497597946
59.75545127122359,27.895077595898684,92.58771335827788,184.79519451746575
45.2082576215471,31.448874284482066,115.43397421296689,165.08957418998585
48.14341023336183,40.37700399322719,43.02914758739849,83.93403443277604
38.93665025993972,34.35562351715846,122.97531400744207,126.93688332293252
38.037933759193294,28.369882339160796,65.20572442443802,116.55465213309851
58.125258223941984,36.00606961081972,92.75118117193736,176.3467222860474
63.56240028570823,27.959623134892244,77.60660210747713,180.6113453970118
49.27989878419666,19.80937732411073,74.10637048558189,159.90850838636476
60.03532897892024,24.95956844541298,123.21653574757039,226.2153735954116
53.61636025047634,20.646040394870724,90.64597597376218,167.83394772294406
43.54880245394876,28.24243257979346,106.93007763461432,153.98217058893363
53.61395605508414,30.092091895947757,99.06158842241632,181.96720110139734
65.38036566465969,38.382186561376415,109.54081654446243,185.40681900949536
49.64173960890049,31.634636868820813,101.53643782120511,166.48037601912463
65.64643655814007,28.90449735595568,74.3401555162286,170.42831807300163
23.802548959102555,34.14702790591745,119.9253363889428,115.63882474148876
58.21902504375224,18.944323454960575,90.12486833677374,197.20374707057312
50.870470682381715,31.178072790542828,68.86836202680499,121.88585334804658
47.009926495341325,33.85432596943483,91.43769678068175,155.5283501405559
50.91760776535502,22.607068771100792,130.01519581268622,201.26905608884323
30.124310853991073,35.71877021603464,117.00443484226986,113.2184577340144
47.80328112162488,31.69248203747207,93.02695731184282,153.19168868958042
53.57112571511746,27.923560430495993,93.01484591363142,183.8651403294563
64.77894044741517,33.163909330531425,93.56729897565235,181.3046652118845
44.81729781726352,41.35346428902198,141.53495967121682,170.6052710254941
41.91506397106812,30.909331275292477,107.63870904463107,155.31386677561753
44.982429564154636,31.24110293150168,108.60083294382139,165.89389435575427
59.15402117702074,27.70319550229878,120.60566908063684,213.32881876375947
53.287511096596845,25.75077815267604,104.77578318053027,182.49530353831926
44.70239796232961,34.15167908272123,94.81915708358594,132.34431172566596
55.13267433113356,25.719580870455665,96.07300301830044,183.86358180794784
50.9707754934804,30.357831186096963,98.56797481171873,155.77262980941728
59.68644990532889,27.611712766174417,99.25555526980317,164.63153669208506
42.979469061226474,32.39489912873196,114.5525908727396,161.60078404839098
46.723378534022316,31.66831052643474,101.03891771614599,164.7798617428666
46.078918468678424,35.1876997212895,114.65280154431159,136.41763370783698
35.364850518678814,27.449918005726264,98.38566839782835,122.45206839733592
52.96120277064576,28.650625323533145,101.57270380632181,183.43885737999636
52.610552721798896,25.106181421088465,60.035986309357845,165.94259762207707
50.05113456642461,27.77853369961944,118.32655349404963,186.82831097814528
47.65412866624853,31.88650246522426,106.92976951795985,155.69638038209018
35.84629257949586,33.78494308322676,119.96020219719304,139.93805146535684
45.79354677234641,25.389173379111874,42.07489243612621,125.3995222324601
46.572854834732304,34.3480296005283,141.76749409561455,180.73678670068756
41.97722730778381,36.778189294024756,97.20820743689653,123.23779416691929
48.387142883339905,32.067174516118506,122.16365633475033,173.3667985587914
54.040508568145384,39.38397906279033,79.20188145748938,130.95851633649417
68.8618590121053,26.131054004482134,112.2554781012514,232.37538377326965
51.74577812831839,23.776726483442914,78.93168873652688,178.85164209816855
52.57550390722764,21.106398755478608,87.5246207860839,180.4501934468434
49.25554084233833,37.480221557445915,138.28062707733574,182.60348265078244
30.812287847009586,33.27182828177029,96.18635198473307,105.79103280744178
49.73486124550783,29.722076645447725,104.34865746359446,154.1192987822321
50.60230209941027,31.399843131599102,117.40135461377508,189.47835453551647
74.63242112485287,24.372554763508116,109.91363775945209,245.85435625119644
48.076390352188774,42.228759898084135,103.00837810287153,140.08194922059863
53.015473423336125,30.646105909876137,107.2992200493245,210.87606664340393
49.65288230294757,30.546973973024464,148.0683117047655,210.3966622238707
38.31321962380468,33.62883311949346,98.8476240593283,121.6961005968671
61.42822814515021,32.40504615868357,104.02198093429935,189.59769415605908
57.519330326867745,31.119420121395656,121.01308792015224,213.1796058187618
57.910319470430466,26.04762772277344,122.11051865915968,213.92223967370532
40.906125452052606,32.35734178567998,123.7406061112076,146.00586413282073
64.02794310936099,39.41012248237517,112.77460444058369,204.82107064740453
35.98148937207719,36.72710023077489,77.13990174539033,91.58941373025954
55.868570938002705,37.965933133196984,132.6686306460219,214.46749304884736
71.90455625809979,27.443921617844076,77.07309213962624,215.52859531594024
40.09463674869312,25.051975898707095,106.05270930478066,151.1172546717751
44.33702270397228,29.37106539950176,84.91448299961284,152.20783735783021
50.99651365087641,30.278624561443472,98.71723306814015,167.51382478319294
44.96524345883801,35.47095759235474,106.5752482060696,158.01084511754132
34.493365689338674,21.537676851425903,106.42714430900546,153.0973539418297
50.68562974806027,37.64775159730307,108.4384150847057,153.07912852133157
39.37696286273895,29.209960507105052,132.27422538117293,163.4757827639393
54.73592430635182,27.8655946502629,109.0706860302796,200.14496599846962
40.80575765766197,24.93947812369916,95.11686729418703,144.38076076519937
65.4993440501754,21.725716640671152,119.28174336576714,232.9591545690009
42.16746707663763,34.11585291980957,123.78940977849281,150.86937544308682
46.77938483794324,30.36658983594202,75.44784369726015,139.42765037363122
58.135172173696695,23.55019550129473,111.94800139699716,229.32602898164015
37.69135683566045,23.52460613968192,114.02345484621796,148.8298812567771
52.27459934604129,28.32107650354936,94.04872993280016,169.59461216496211
63.07142754282428,38.34510762644696,127.51413626623238,222.54230332321958
33.92516765438772,28.702043243181976,96.99888825934947,124.65182681919913
51.84633858532304,22.48428523440947,102.51152906943085,190.92822716635567
52.598827942484235,28.77128467957028,96.5385635143226,160.96952931440566
57.8182287177731,28.636382151261646,100.31158095162935,192.56357775070467
37.63049289121918,16.515566785292144,78.07449826209597,137.743817800363
36.795433869157236,29.72852566741094,71.19898234811411,117.41362254165473
55.21941565616898,28.84532734895661,131.89010126449944,221.70190156599756
52.96984673233186,33.48103182406709,83.06077303363344,177.80909169796513
52.504928503458764,39.244780474726724,80.17215301087386,143.57298584606104
53.46448209496975,35.632825147738785,56.932197727925704,129.01906109244936
43.19975278421509,28.655556547225846,87.22076504620995,141.86191173289353
52.322536971610035,24.467370456291647,73.53820413185004,154.41779639825825
52.93072473298681,42.8667990162493,132.8403032027274,183.10768492028987
42.85648581973632,30.29609217007244,120.19634178685268,162.83094214998752
68.65774511144757,30.06964645956473,86.23699309644553,201.81690270089953
54.73832920911788,29.879374564449982,145.04871610688616,231.78276865906187
38.08696502797351,30.990423803839274,119.63530973983188,142.04100283607536
56.5655360863383,29.278197940380288,93.50337232982756,189.26490463129647
40.253183297726785,27.131689965598817,50.01188570252854,114.97776411191343
57.87084603742452,27.26570529379804,145.81885145181485,230.65512660144742
61.58595579007404,29.836233648920008,72.20855066472808,149.02881551529842
41.7931768164829,27.282876144331176,67.09202506086217,114.67836766524276
59.63376129244322,26.435771086614178,120.45140864019281,227.87622851698714
54.12780926936498,30.532151138459483,148.79504812678545,219.04851381530347
58.2206015999449,28.725113912895722,127.68545637021036,203.77018736689013
68.96792982653947,37.51996494291345,111.27818240104719,204.98650261776478
47.54611883997129,16.74515095803494,111.89508683330573,202.835803790486
42.4626383564251,35.45753425961231,117.06831117560615,158.16184996381992
41.10485570374477,36.23042596248815,115.17857179573531,143.8187661513481
41.841897150345616,19.63304883795925,105.62382847938751,165.6584564808393
49.228982905858956,28.286562029598258,102.08402207903752,165.1146839920661
53.41151974816644,28.142795670021044,98.74813744200955,167.5209890172018
52.766907993300194,22.962441526410892,84.92070822266648,188.16726953080513
58.27183249036024,26.110916562045624,94.38649846266452,185.40457533850312
50.13001891877907,24.447120772670857,66.1408637160923,158.01859245887815
64.53534077157317,38.761352217118116,98.033207464105,200.01096517503936
47.35343166762044,34.678391965737305,80.22817785698166,143.15094268348705
77.20169166589619,36.35777547497079,77.92821365568457,198.37942247272866
56.25667347765006,33.60836032021618,103.59788302306957,182.42203074186475
41.42842443583717,24.354741143913856,127.84004572689199,179.54661212084162
39.29107501938888,27.37739866860113,118.36633212004625,151.44105024573048
54.824724152431855,32.44687280613959,68.58998792753646,148.6320212820272
47.76537214674149,23.889360955540273,80.20743726859325,141.80887627701713
57.14000494092092,33.56499215086194,118.81542375976431,206.24370174915433
54.73237624573545,28.798373009209325,80.35025212923381,157.66292314108838
49.271710873431275,28.125895962252013,95.50733700005951,165.52086431030654
41.532062819315954,33.554799841017456,111.00104198049104,151.16533383236182
34.851527753141355,32.2213165574302,80.6331109027273,104.11119965489281
45.53485047932979,28.1951691709046,102.1075101229192,165.84951881607623
58.56398794323472,35.79664901682124,73.3194901016359,148.21450615305565
52.14093744130204,24.594683362000513,87.97264712097572,178.9702689351048
37.542612212880115,33.07967803472132,106.39563868285074,121.60938808180012
51.73180925851182,32.96550628984192,68.14012532936661,137.58152041645818
53.85317379728837,28.452267803430047,108.80949475920798,205.73668772091688
41.16142563798867,31.63066511121059,99.60724402146637,130.61157326805662
51.53725105945528,23.744432118073483,111.04979908834295,184.27051931036607
50.58208718446,34.6201350960345,104.47828268129322,168.30850769804096
38.57029702169377,29.075489317785056,127.28280859947688,165.44020734114648
53.577873603482836,27.386384897404803,102.50449005295815,185.4095332337764
55.60784526368234,35.245046129184445,91.41188917749494,167.74110168789596
60.830512431752766,26.478281547286205,102.44595006064567,207.96394403446556
60.53802052034903,22.957693518182204,110.86596058072776,225.8975659103618
36.22330632042909,22.216854132380483,100.97720140651408,150.54559619793565
40.62174960084877,33.0300497567282,100.81183382407765,135.41835833549564
55.1503526720866,23.597853237518585,85.96016624386489,184.48963248418875
55.13785950912209,38.77397090992182,86.74198164898104,170.11810396798103
55.150476863060476,19.59035296058139,71.94789456400613,171.0403244723845
88.52731490654722,38.48228184145019,134.9915348637388,268.79726828241616
55.70890510693167,31.05508733601309,75.1227352921743,167.05437401833217
61.35565640180599,29.516434440648037,86.14189604408185,181.58345381148618
59.54001763493203,27.275404565955252,85.63185468861604,160.09628962822467
56.51391251305798,31.995680571760353,117.89848753888883,203.27541180998048
46.84730755359654,29.81182648787576,94.10100643415944,147.79460513701926
57.589692204932675,35.516509410082605,124.95484145347467,196.5985380592686
42.27174785462428,30.571138243310198,86.53018751512263,136.84829286790287
47.63181393259991,30.75150880730939,105.57988324447604,165.65371069616197
45.14636452170897,28.18193893893072,83.29305893480486,149.1966924269119
50.81874139386323,29.715271881394663,142.90298255546776,202.81718469237026
73.14658566673509,31.539008844460295,76.24803161940974,204.85053468603877
31.32734807408252,21.449158036716874,106.19641420454055,137.69119172736322
56.86260190374514,23.259072889471433,112.67553761864197,214.08626222396705
33.87284128810349,33.71632047011357,108.27598194902997,132.59478496831179
45.280681342105666,30.854327190639708,96.29424682244583,139.97434953186797
60.889505969673664,29.080083318236603,97.40358600533148,203.40266351790692
50.64280019095463,30.092169665326967,100.87622943958219,162.8700671242815
39.22255222070694,31.737908526808354,97.05995996743023,141.36268715701098
42.84696290740032,27.301201598453193,119.27758233589819,173.99794162760682
56.79597748934676,26.108476372988438,144.21046003182704,248.1659370485833
42.69633368282864,30.979226275488408,88.85016429984333,133.70871495733294
52.16458589581975,25.10813611192484,72.60394040841845,152.06719814447928
50.45571839903814,32.04126377857236,98.23435903297491,161.68174826696517
43.483996523941826,21.4870819788108,151.59418675308638,208.43621399743012
71.43944089325325,35.14577818662822,83.92650864060539,203.86947829316767
56.33919022318011,32.362987412065216,132.78233610888134,190.9355946298602
29.74857413342393,31.28014867156938,133.55401628152882,132.72895818664733
51.86454314769428,34.91345491972757,88.9282351658401,141.17452144719024
43.38213535231612,38.32737222231288,111.37966158370551,154.21083972569784
58.52433334796224,35.07185032509065,132.56793246257075,224.59877572687535
42.07479261567299,20.795628843341774,92.41744518025025,154.8860580980178
48.85263558533101,23.602115166321493,95.92839279795277,169.29511795020622
55.049872789804574,26.875907111521606,88.36638172102712,174.47831435382878
58.657551941701215,30.13045525105417,79.70486538614267,180.76222227596585
37.997035929442234,32.58829510234561,87.01444909867986,110.37313148628962
46.654987641590516,26.371280934232672,75.52119466475487,144.5219284479847
45.25054688839044,30.93383382238539,100.68166936518452,162.81094506717272
43.46670767426288,26.22308533823339,84.60053537882716,147.61663911717997
67.65454240281096,26.942410985040258,104.67571823581495,221.74397881217587
54.049817109609556,22.96669451575889,68.88208707592746,170.78883193966402
37.391160456649544,25.38383376944548,106.61760464428914,121.71052160648986
59.17861947054776,23.24157697191833,116.6705792321785,222.8939846311861
71.22156197012633,25.120633735113337,60.12528714857089,185.40876580455136
60.32465260551147,35.2682089830392,107.48113139695144,170.75554463299986
34.80630034045987,25.253005555840286,124.55337984946584,163.77040871040623
45.15765927133749,43.161910324186955,75.8071796261759,122.16575670999508
62.669111491866225,32.466589504404446,133.45144773675406,221.9647354385393
42.92330534381219,30.92418061847437,108.38038018732091,163.7158258868948
54.43819428146229,25.708211099093933,85.89976288483183,188.25327490152176
57.74634053429337,33.501549397044954,98.88461844684588,191.20836355905428
40.730695284219166,27.12181086881113,111.16653825043444,174.45700836579283
49.404746439382,30.610049073226808,101.52010782824823,172.20314972278908
17.58732659930927,42.800422691343975,110.77511984892739,72.37949990690461
39.756123586657104,29.51970050137675,81.58652813841267,108.66306526976433
47.4743184860684,35.74636663142838,103.38721648072156,149.93020622994985
37.52216818035151,26.48411787437056,71.7257100619004,107.2546813795602
66.32411303931636,29.82505754751519,97.775478773026,226.83253708346507
35.69858622039367,38.85400317817755,81.92184717070421,96.28006415957502
45.599555133030165,26.865164711061162,85.28940114820466,148.63410045389438
51.30740577286091,39.062242789984644,124.72186350420876,180.72100832437246
64.41273289066116,33.538759677277376,121.82620241188538,215.74167144197503
35.6413784882056,27.18766612052866,112.18276241814354,163.0806437841991
61.63163752154959,33.1620386952776,78.15374470654842,163.49930077092333
50.10233061019587,34.86277224813365,93.67183100610396,153.7535589367151
40.18491348952049,33.10904981108598,124.26195399958367,150.27704680649126
54.62103474263271,22.148876400547717,102.83433827279809,181.0352886689071
51.9905969557347,26.364314120875658,146.3865907996339,213.15096778237825
43.99783122841205,28.762406822242475,107.86635678788744,159.93159892960824
50.69802084990019,29.62783285449977,103.84098232980062,167.57881483829885
46.1468640313824,33.10336048775339,93.81767071594997,138.2928050461163
51.13517345251248,30.888505004666268,102.67081809564564,155.57918627224467
56.62130674521047,23.323278206449494,96.95060327238912,190.99585331028038
65.86016816145352,31.900989255029817,114.1621735337718,199.92739218466477
37.62184501173151,33.05292872641912,119.13404633589168,154.3805421609729
71.33033374656267,32.7989522396552,84.28021078984101,200.96430757522924
30.479122004774982,35.40390362777311,73.37534092884444,68.93307032325654
48.482149049644164,34.16961077274452,63.27589253793407,118.5562857468123
55.883172064845766,32.29590039614219,110.15982653825087,178.19758927757843
52.809918677350325,29.649171442706766,77.93266787652253,156.9874342895657
43.77300480179406,21.69519533242004,56.94218814095034,140.03363419321582
47.918777496427246,32.14809109566293,107.77157209061929,145.17306995397476
45.06999065341167,31.038438435815557,149.8599903486558,197.83003955432557
44.106352430557884,31.357894185976868,99.87858176920213,147.11106717825186
58.496020970210246,23.616257120898453,116.76981548903284,220.53702431254263
53.57015485965047,24.594717297958688,101.6365871709513,188.25979074903358
43.070904047393455,35.26576426666452,98.02220693617714,129.89917736365874
58.995998754332504,29.802224230716725,118.38152965975537,202.1988306076548
53.072995208766095,33.40750348686312,94.19450911622697,154.363781382131
58.1286211883896,30.141591880652307,105.34784628143805,201.6398206250801
56.29628841923612,30.148780697478728,106.43395612392027,187.47659279087625
41.710049890779274,34.69141902987999,86.63819092713902,143.8168491651194
44.39818959803031,27.41977635891313,119.84084699073045,173.89003070254336
57.472936051232615,30.480603884704916,96.50080486609183,173.58390984599072
56.10370265433465,27.688623556474788,84.88509681014311,156.67917743718255
49.79098406035852,27.82751886283842,110.73019687140807,161.01370661949494
51.17327383308782,28.454139382656802,82.03064036417925,139.70195059164374
62.77664895788425,31.110668858168566,100.56362314738257,199.12094579276635
44.0842861116417,27.606256891682612,99.81762006711593,160.4425611667792
55.470973811700375,36.278780627867604,121.71791131663156,172.1098425637363
47.97807347566106,25.52696348890248,109.49396465759905,186.4916007417285
47.8231879677278,29.065641779193204,99.49946082509712,156.95871894252474
60.9877685198719,27.801344708629124,116.35532598400574,213.61472432960798
58.2541634898803,37.23488942176866,127.80415098034626,214.75854993038303
58.135096360006386,30.982773882557872,111.15620612703725,203.57772658440064
63.05478807154329,35.159222697343175,100.20705239686761,186.85141000176307
50.21003841632759,22.57219813481514,73.7632753529968,147.370164961696
56.81952971294964,31.335251329346296,78.69772673849255,139.95517194090098
46.89733243406544,34.44815397811718,93.89550591290664,137.55107605374445
53.24166352488442,30.41141994637712,87.80975595681434,160.2810808815882
48.698569456323156,35.32740187532676,96.26057394029108,139.91982153996986
50.96995964992718,27.41355774949814,101.13299849794214,172.7876241529462
55.95157025436914,37.0467372009279,110.59385508713461,178.49778708226148
41.81779316766527,41.49449061809625,98.59002443881818,121.33686198344552
70.9238727568546,28.185807197801704,109.73003287652404,223.8322327167305
39.93982618500298,27.77248739299614,101.2894882962024,147.7061743413638
37.85811387212268,37.2669223855885,60.490668672922574,91.42583268757181
61.581108735000676,37.89786072865356,81.21329212362491,152.92459466275926
57.91662693962936,27.385699864233658,97.1182488855677,202.01305538792644
56.24119817052155,27.899065914520712,75.80610514317785,162.624290086184
56.2834550926428,28.591076955697464,111.9985745999241,195.23191258073174
49.87753227153085,23.277747444828613,130.61501664687395,212.42954449288777
41.02745628514168,25.40674026757901,124.37523703394633,176.1063828743987
50.75804558193726,24.97929616623966,95.73114258139584,182.6217755180005
43.22838288487888,26.161012174479357,129.81452273699904,185.68544741345178
59.75119733417751,29.826575563066093,102.97334914404223,187.24179780515846
48.52942618497861,31.171073662682602,93.25828057763921,157.76312064155414
41.745028032074885,37.75250246407038,87.7319467291812,108.92955562791698
46.78614158347007,25.008229796306047,93.95060627023743,162.5916830263032
54.12931454275624,34.92161199238292,92.23646362917543,160.14490213041464
44.36275447196025,28.930055778872454,103.40832444750976,154.81910920796358
41.77779604433569,29.752681451737836,103.2114796209973,147.49462004221937
52.436872114919126,33.37409746083302,100.0609204030683,147.25514276558346
52.44966571108723,24.386389892188507,108.73876339492699,184.60630044980343
44.9305682462887,31.912048730920255,123.81292549572683,172.24481485763062
45.289616943816775,30.83226104106528,118.99108270882647,171.41651084354226
52.32049937357636,32.462256320040744,70.30204063100193,130.36427221650973
35.51915658502676,31.44584321953909,48.9215773019609,93.88187164780835
35.92536225623445,42.276500699554475,118.68639822478548,116.87171430154999
42.81555778747564,26.81130007874342,72.66242603169158,138.86930976074072
47.86552848288153,27.345015224990913,95.50469196214632,165.6689601868687
53.10907565598005,26.88429736787618,76.59773947881281,151.8566463102665
64.75356216949552,27.222614404198726,63.9603912483996,193.20066054583586
58.576596232020194,26.81306436346741,110.82925456409576,190.9879355159305
48.40061470036573,35.94508265553776,115.18310320605293,174.15672259249402
49.80983792097311,37.102521239949276,88.4697919854656,152.3686925378729
39.97470635362191,27.14626853125262,48.179154157101806,92.72851917842523
49.8148686400761,25.838222134478855,89.07511103495034,177.12062469022692
47.11341361079862,32.35707778193202,107.83608010805094,159.09280097077522
53.227185603380896,27.238884778595143,70.42176862451743,155.30449946184524
41.727690564476774,33.164659088777555,103.66719839558311,145.52653699512936
55.193465142411725,31.0146151042565,99.69380301654009,175.5386909685482
65.32738913002578,22.42127942501384,111.58582999202177,236.49549958445695
48.91239851543143,37.737526006650306,102.39160736828306,159.4407833135849
54.01711722098941,38.97938836547761,80.53862118236889,124.87933332636402
56.90143991711113,26.93605654757807,123.93143003328983,223.35038746587963
45.987795281141636,28.061492200320078,96.8294085394606,139.98035004743576
52.24092481810417,31.429326953624525,99.45390920980137,178.86350386097405
50.12592400781795,31.672283949935125,81.33464081853609,157.77292701462
50.97676098548832,33.29272136336415,91.13435497616979,143.62625918606616
42.26990216144534,40.05102269383175,82.30394571946198,108.54832282268613
50.245101742589426,29.11526386252975,96.54107880153154,154.03520364043905
54.979982912454496,26.00851377730773,134.23416960284686,214.29617482165716
64.51143607795042,23.103403859927365,72.56197714137286,186.91789983238496
59.59270826085207,26.345349800290403,67.72877204246518,175.3126411725195
71.53182457511556,29.834365135631014,129.42340654987217,259.71185754973413
42.326524371119504,38.97278931758894,95.81352645696268,140.85430207530462
58.723206367206785,27.411943504819142,86.61854522680167,174.801528047681
51.83342005738352,31.118939758194493,120.79809374792153,185.1955242143928
71.89802933217672,29.91788551963624,87.88768920526272,193.15741775762353
41.91701714644849,35.94196636724042,136.52019427093873,159.90647758397142
41.602781578192236,42.63466212936811,113.55851742678539,144.11574412769943
44.00607354555978,27.345656135398396,90.24177183708595,163.16642570904202
28.76104275690193,27.55280278740889,143.14616426531006,143.79562099489868
44.74244978319239,35.22080438534536,87.88570153993324,126.63116535877032
42.40867338446302,33.409457448131555,114.84190744018613,153.97831918109898
51.50393786476208,39.23353662868017,105.98585160812983,161.32835676579379
53.41755975777159,32.91964092662982,126.03482578797596,184.62385373645722
68.76170839215887,28.203539546064704,131.23022393453707,248.48571178320498
59.5042383818605,32.95327415346155,100.64008298131533,180.2823836908951
44.23096344337597,35.54351790291454,84.93164259307633,127.89303200817967
41.01585328651642,34.10241090598682,109.19944285878233,149.89763463845586
54.919191715065054,32.53637015553649,86.44569260495788,161.59785905026843
36.797667929793576,35.33337344794577,140.26774495053246,155.27120916839507
68.31458765854353,35.84647795222836,102.73070662165475,202.62434675257873
61.79440120721287,36.91079495518763,92.69356897375782,175.58715458302314
45.30824347895295,33.24354943794821,103.69360611729817,148.05635491582268
32.868654709091224,29.164409598415727,73.05747420940607,97.8394656573742
63.538723741654124,30.733568432166614,80.56771922978697,197.02380518809085
48.85460154747382,36.03254483254179,124.00827815888852,179.49456799252138
62.378163119734616,25.91532164506382,86.86211442057208,189.51892863644497
34.05572341205633,31.843366544364507,79.0617803463612,110.94639510711716
44.00624977046227,28.033305938363196,110.73305505054572,160.87722838503296
50.05243699718183,30.143724114674086,123.71408309325994,198.94631024634157
50.46980593764742,36.39225931303649,114.37906621330134,172.30602959460504
45.49934528520756,30.955495340099517,119.92095371611633,169.8843085053022
56.228499323474985,30.232182740780743,84.86409822861079,172.00817703913464
39.32379570617405,23.200719295100406,71.56378666516312,110.24684101221624
48.576205149787064,33.731267830136105,130.02667303910974,171.4805618263234
51.20295631711899,33.22742090570538,93.54640322315728,145.4505459993788
55.14438834058749,40.8162736165273,94.98333967089906,156.3061149931658
57.1161487808889,28.461108825234994,126.56388283698115,227.7930206149332
38.75357908162131,31.095751638319694,111.1246001880132,168.23673638621602
34.65885829264378,31.246918418553776,109.11775544163216,139.98918349008915
62.77676821898509,37.887266398817374,143.30004689802166,227.72332798725554
53.323140119795916,29.523522338065238,87.12963539239715,145.5716046026024
42.51513463443446,31.395107628851697,118.55680256162475,156.05102716227515
65.51151975522524,33.0394825485827,101.14026249794169,192.45612952967934
51.156746342928585,30.93304561578179,105.37184557726513,165.83856878594173
61.792971840638266,27.767831927247357,130.56936852825064,225.3313256221281
50.67518481410109,30.97044996449154,110.15671512579247,170.3612899354099
70.60747924881987,35.36815874929886,110.76592158099265,197.75234369244725
67.55340842443204,24.8674235029447,121.45014674619604,245.90639338853146
47.51035851520926,30.66484837073438,92.70094540914229,141.28258983153125
59.71570950954356,26.499395925304135,83.21580665321987,183.87705573732083
56.45375949585147,35.97523314462421,79.10381611957934,173.31324028442626
63.68631557532349,22.384065476081126,60.67286821247996,169.33620655673042
40.35076539419896,27.205390763642058,141.12414259880643,158.6160632224042
56.86051459998439,31.886059375322603,77.93583268556634,157.03858682258888
60.58424486849588,37.827620146171704,95.57492752828456,185.39792703357244
32.41260513576886,29.67124869463506,94.46373400222159,137.22410033328438
38.16741487334225,27.22400236653401,106.14813395618202,134.65315753963407
29.607678222398995,39.40578534720295,116.31474425078594,117.73904398910473
47.305931655554424,22.75993049791878,117.2094697671949,183.13237246530713
57.17542255795962,19.00597021689959,88.33845122862124,192.17293256719753
65.02357052096028,32.200072250266665,96.65756572427178,223.03403887393569
50.74094780419775,27.489728878236946,105.65159900976599,162.42759335450575
66.28615545571292,24.893835914346433,95.02617747632905,213.96744033710058
36.198985417851084,33.541782236496765,132.14691152039984,158.73140760494772
32.96617560644845,31.219003568855996,109.81949903276502,140.9166449710623
49.44452301103381,27.179606846316357,114.69755572099635,183.89564688782073
53.840654489393074,23.59847800664553,113.25762537334825,202.13674404257517
49.67305251905907,34.36228664140072,123.4694771497065,174.5365591036443
29.325578999601234,33.251005889793305,103.62043117407414,114.41179436649296
49.10879960487212,29.504120681103085,74.06336104088307,137.8896839680154
36.95530499495147,39.23318498023833,107.99375903505283,130.17863155305773
56.69672548830039,24.649576168369236,86.97286212416341,176.95204916899706
53.66598246096848,22.372374145376305,89.42766636500487,183.15058635827012
40.60120213672645,26.540459650593778,111.72728037510187,158.99210217148925
44.861330826633065,29.77206991822251,124.76566142867271,187.11319900730928
39.40786478111048,31.21669724661346,100.42543153472123,137.1985580542362
49.37320902726828,28.79381971071835,106.17666025197927,154.43281663359022
59.551423205012384,31.760276982571483,134.04429889270477,229.96914345447652
40.14273953664456,23.74230287904778,104.81506358977137,147.89693788149347
55.040465155178445,37.2188230203663,152.0336622836079,205.8999141200457
44.69742381627559,29.589244108037157,111.31019291263088,157.70548082715496
42.07127167737656,35.58647915794064,64.78474481688365,118.1731679760517
48.929696400454425,31.71362673188852,115.06683242209066,152.44311992383138
39.64757677580626,32.28376609576892,107.62316769765556,174.24649923162156
44.46350694652818,32.84883640116102,125.79505508165491,180.80697950838055
38.021221074111516,32.23854280008658,113.46362702539916,146.37332910927378
69.6472513291639,33.21361379933772,97.23088032032453,206.29247576623106
50.35263551971729,36.64576265066216,75.51403527421269,135.73738852346935
43.00274492007414,30.98260584850735,95.8195348542795,148.18697742551706
52.13979910734222,33.54501878794256,82.989590915814,156.11125163379214
48.8767195030917,29.551321528563868,88.38953100390555,159.10604256986375
47.79030400466777,37.200586077247365,111.7715680884122,159.00492316474762
56.14166700043425,26.61803848970365,133.39809008702812,215.5265950948711
57.57507710047305,39.004702164554075,107.89343059645962,174.32058355526382
44.69498852389472,29.799210246778284,76.0823387592963,129.62391494537576
44.2418175935532,22.84612448940976,108.89205336440281,183.82206889957862
47.24948302848356,30.640522074553946,123.93262973291303,185.44570181944215
26.98078835264415,26.594741712625595,87.80434191361236,74.20145717449263
34.84808937801448,34.20321774494362,97.31965666654165,124.70113026932277
63.66874267444525,26.736880103488044,100.29376389458395,208.25722195214797
66.44967713501283,27.769082833926102,84.30203373835519,196.82458653652583
47.50963960443622,20.552296345272346,112.96560867687718,184.56382886790092
55.765569630557664,27.738468403754617,97.58103702784437,193.5487414745559
53.112501545435364,17.88060336685522,108.39064887814055,212.6230164148041
80.78880808455239,22.080485882571384,82.25015644395799,233.52350974407855
61.195749114345766,33.80207328072149,91.25083399353178,183.3419143459897
48.72082408519233,33.92900079325416,114.44762715655543,159.01615588061034
40.44459559399574,32.12728780892483,92.54333695816466,117.77519254338355
33.93553679742428,25.165119284353935,134.5392770246681,159.35980435802526
52.03463635867223,29.7614432192901,92.00727628770795,172.94647648472312
42.436492547156966,29.981987304547157,104.49369451503772,160.69922973700236
35.77746290402326,24.208176554037287,118.65181663746179,162.78642863747956
43.534271157574736,37.51699150883575,71.63268534133937,118.02546785371788
39.18451996385605,34.386811452878355,64.78382376038448,104.53226354995469
66.87141635072564,28.89517913085168,69.4868737085981,176.29058882678984
58.816397569494505,30.134429194972654,125.25168206854364,214.84476068121418
49.92027358683383,31.04191403973776,88.96283708215107,161.99588732176937
64.79944138890026,19.791325657878545,151.16398571336504,274.96471772823355
50.77368307647618,28.764113087397014,88.71504802685223,171.89148107278928
41.38715798671736,26.590078760011007,103.69102606394074,161.0107151283309
65.23124077269657,24.991899950525422,130.8421990513575,244.36514324243322
55.38910043684659,28.594498535570224,140.12185776318245,228.81382809811856
39.62753845673544,38.988432634247616,141.23007153272795,160.73151918715743
48.09661321916392,33.20421430633505,124.16732461186285,168.4057929349061
41.24381746615243,27.144105051086015,120.48125051622925,166.05261039859494
36.172002690356635,32.86291390678079,111.85053898402366,129.49322033124295
